{
    "loss": 1.9715219736099243,
    "accuracy": 0.6666666865348816
}